page,text_in_row,url
1,1 கைத்தல 1 1,https://drive.google.com/open?id=0Bw1TGT80HnrbRS00NE9JMUs1Szg
1,2 பக்ைகை 2 2,https://drive.google.com/open?id=0Bw1TGT80HnrbWFVxTFBIOW5zeFU
1,3 உம்பர்தரு 3 3,https://drive.google.com/open?id=0Bw1TGT80HnrbM3FtbGh2Y01oT00
1,4 நினது 4 4,https://drive.google.com/open?id=0Bw1TGT80HnrbYnBDVVRlN2s3dDQ
1,5 முத்கத 5 5,https://drive.google.com/open?id=0Bw1TGT80HnrbYVV2STVoeUFyZFU
1,6 உகனத்தினம் 6 6,https://drive.google.com/open?id=0Bw1TGT80HnrbYjdmWUw0WC1ZMm8
1,7 ைருவகைந்து 7 7,https://drive.google.com/open?id=0Bw1TGT80HnrbOTZKeFp6R0kzYzA
1,8 ைனைந்திைன் 8 8,https://drive.google.com/open?id=0Bw1TGT80HnrbVmxNU3QyY3lOVjA
1,9 சந்ததம் 9 9,https://drive.google.com/open?id=0Bw1TGT80HnrbWnlLRnNQbmctaE0
1,10 தைக்கை 10 10,https://drive.google.com/open?id=0Bw1TGT80HnrbNk1vQ3NhYXVOMDA
1,11 அந்தைன்வரு 11 11,https://drive.google.com/open?id=0Bw1TGT80HnrbUGpKbkNOTXp4U1U
1,12 அமுதுததி 12 12,https://drive.google.com/open?id=0Bw1TGT80HnrbZjg4WlRrTzhhbE0
1,13 அருணமணி 13 13,https://drive.google.com/open?id=0Bw1TGT80HnrbWjN6ZXdnSDd6bDQ
1,14 அவனிபபறும் 14 14,https://drive.google.com/open?id=0Bw1TGT80HnrbOGJMMjlmUkZTRVE
1,15 அறிவழிய 15 15,https://drive.google.com/open?id=0Bw1TGT80HnrbcTdzQ3hIOG1xb0E
1,16 அகனவருமருண்டு 16 431,https://drive.google.com/open?id=0Bw1TGT80Hnrba292YVZ5NVp6S2M
1,17 இயலிகசயில் 17 16,https://drive.google.com/open?id=0Bw1TGT80HnrbRm92dF9ZLW50UUE
1,18 இருக்கும்ைாைண 18 476,https://drive.google.com/open?id=0Bw1TGT80HnrbSU00bGhZUmRZVTQ
1,19 உததியறல் 19 432,https://drive.google.com/open?id=0Bw1TGT80HnrbcHRLbmg4RVRUTHM
1,20 ஏவிகன 20 17,https://drive.google.com/open?id=0Bw1TGT80Hnrba3FDRmlSQVc4bjg
1,21 ஓைாபதான்கற 21 433,https://drive.google.com/open?id=0Bw1TGT80HnrbTXVESTRWcjBTak0
1,22 ைட்ைழகு 22 434,https://drive.google.com/open?id=0Bw1TGT80HnrbbjNFVExkRnZJQmM
1,23 ைண்டுபமாழி 23 435,https://drive.google.com/open?id=0Bw1TGT80HnrbOGtWaERjMV90Y28
2,24 ைமலமாதுைன் 24 18,https://drive.google.com/open?id=0Bw1TGT80HnrbLUxNWTZja2pGUVU
2,25 ைாலனார் 25 19,https://drive.google.com/open?id=0Bw1TGT80HnrbMGVpd3lvVHhVMVk
2,26 குைர்நிணபமன்பு 26 20,https://drive.google.com/open?id=0Bw1TGT80HnrbMmFoYUJ5S1RSelE
2,27 பைாம்பகன 27 21,https://drive.google.com/open?id=0Bw1TGT80HnrbWlpEVVM0OWY4bEU
2,28 சசமசைாமள 28 22,https://drive.google.com/open?id=0Bw1TGT80HnrbNjZzQ1V1OFNGQWc
2,29 தண்சைனுண்சை 29 23,https://drive.google.com/open?id=0Bw1TGT80HnrbRVMwNmRLZFFfNlE
2,30 தண்கையணி 30 24,https://drive.google.com/open?id=0Bw1TGT80HnrbNnRlcjVuRnIteFU
2,31 தந்தபசிதகன 31 25,https://drive.google.com/open?id=0Bw1TGT80HnrbUXEwSDBJbVkwNFE
2,32 தரிக்குங்ைகல 32 26,https://drive.google.com/open?id=0Bw1TGT80HnrbQ3hhX3Q0WkJqTGs
2,33 துன்பங்பைாண்டு 33 426,https://drive.google.com/open?id=0Bw1TGT80HnrbSFBHeGlvbTB2WFk
2,34 பதாந்திசரிய 34 27,https://drive.google.com/open?id=0Bw1TGT80HnrbYlJWUHdqWm40bXM
2,35 சதாபலாடு 35 28,https://drive.google.com/open?id=0Bw1TGT80Hnrbb0l1OTJTSHB2bW8
2,36 நாலுகமந்து 36 29,https://drive.google.com/open?id=0Bw1TGT80Hnrbc2JtZVJVaGJMOHM
2,37 நிதிக்குபிங்ைலன் 37 30,https://drive.google.com/open?id=0Bw1TGT80HnrbeTBmNTNrd2xzb2c
2,38 நிகலயாப்பபாருகள 38 31,https://drive.google.com/open?id=0Bw1TGT80HnrbanJjYThOZDNuX0U
2,39 பஞ்சபாதை 39 32,https://drive.google.com/open?id=0Bw1TGT80HnrbdVEzNl9rcXNfakk
2,40 பைர்புவியின் 40 33,https://drive.google.com/open?id=0Bw1TGT80HnrbT3BCbkc3Rmdwelk
2,41 பரிமள 41 34,https://drive.google.com/open?id=0Bw1TGT80HnrbRXFab2pXc0JGNTg
2,42 புைைப்புங்ை 42 35,https://drive.google.com/open?id=0Bw1TGT80HnrbX0hSelhWaE1aZE0
2,43 பூைணவாை 43 477,https://drive.google.com/open?id=0Bw1TGT80Hnrbb0hhbkQ2d0ZlQm8
2,44 மங்கைசிறுவர் 44 36,https://drive.google.com/open?id=0Bw1TGT80HnrbbXBaa2dGNEMwYkE
2,45 மனத்தின்பங் 45 37,https://drive.google.com/open?id=0Bw1TGT80HnrbOGNBUDRQTzZLVTQ
2,46 முந்துதமிழ் 46 38,https://drive.google.com/open?id=0Bw1TGT80Hnrbbm14R3hoeVA2N00
3,47 முகனச்சங்சைாலிடு 47 436,https://drive.google.com/open?id=0Bw1TGT80HnrbT0FlQmZnMUtYZnc
3,48 மூப்புற்று 48 39,https://drive.google.com/open?id=0Bw1TGT80HnrbRDQ4QmxGbHNmYms
3,49 மூளும்விகன 49 40,https://drive.google.com/open?id=0Bw1TGT80HnrbY2U0QkU0MjBscHM
3,50 வஞ்சங்பைாண்டுந் 50 41,https://drive.google.com/open?id=0Bw1TGT80HnrbcENUNTE3bUJhTWs
3,51 வஞ்சத்துை 51 42,https://drive.google.com/open?id=0Bw1TGT80HnrbaFpkVVhpXzZ0MjQ
3,52 வந்துவந்து 52 43,https://drive.google.com/open?id=0Bw1TGT80HnrbbjduaHJTWWtZOW8
3,53 வரியார் 53 44,https://drive.google.com/open?id=0Bw1TGT80HnrbZVpZRGdzQ3d3cUk
3,54 விந்ததினூறி 54 45,https://drive.google.com/open?id=0Bw1TGT80HnrbYmhySkZ4R1hiOFk
3,55 விறல்மாைன் 55 46,https://drive.google.com/open?id=0Bw1TGT80HnrbTHhEQWZnWjFMMVk
3,56 பவங்ைாளம்பாண 56 461,https://drive.google.com/open?id=0Bw1TGT80HnrbaGowNEFiNXRjcTQ
3,57 அபைாை 57 47,https://drive.google.com/open?id=0Bw1TGT80Hnrbc3JlMWVDbjJIeTQ
3,58 அருத்திவாழ் 58 48,https://drive.google.com/open?id=0Bw1TGT80HnrbQVZaeFBCVlBiRzQ
3,59 அவனிதனிசல 59 49,https://drive.google.com/open?id=0Bw1TGT80HnrbZEVmVVM0QW1OZlU
3,60 ஆறுமுைம் 60 50,https://drive.google.com/open?id=0Bw1TGT80HnrbZzlCWFNNbkEzS0E
3,61 உலைபசு 61 51,https://drive.google.com/open?id=0Bw1TGT80HnrbQUFjS2gtd3dtZGM
3,62 ஒருபபாழுதும் 62 52,https://drive.google.com/open?id=0Bw1TGT80HnrbMmtlYzlfWjhQQzg
3,63 ஒருவகைபயாருவர் 63 53,https://drive.google.com/open?id=0Bw1TGT80HnrbcFQ3U1lFc01vZzA
3,64 ைைகலபபாரி 64 54,https://drive.google.com/open?id=0Bw1TGT80HnrbMG1kalJrQXVWMk0
3,65 ைதிகய 65 55,https://drive.google.com/open?id=0Bw1TGT80Hnrbb1BRNTcwNXpJTjA
3,66 ைரியபபரிய 66 56,https://drive.google.com/open?id=0Bw1TGT80HnrbdUcybmJBWXQtY1k
3,67 ைருப்புவிலில் 67 486,https://drive.google.com/open?id=0Bw1TGT80HnrbQ2xRMlVpWDg0c1U
3,68 ைருவினுரு 68 57,https://drive.google.com/open?id=0Bw1TGT80HnrbVHZwOUxtMHJzZXc
3,69 குைம்கப 69 58,https://drive.google.com/open?id=0Bw1TGT80HnrbRGtuc0hlOXN6Q0E
4,70 குருதிமலசலம் 70 59,https://drive.google.com/open?id=0Bw1TGT80HnrbQXR2U2NLZ0psRzQ
4,71 சிவனார்மனம் 71 60,https://drive.google.com/open?id=0Bw1TGT80HnrbYnRaSGtvOGliQlU
4,72 சீயுதிை 72 427,https://drive.google.com/open?id=0Bw1TGT80HnrbbnJKbVNmZ2lMY1k
4,73 சீறலசைன் 73 61,https://drive.google.com/open?id=0Bw1TGT80HnrbUlFER2RpbC1aMFU
4,74 சுருதிமுடி 74 62,https://drive.google.com/open?id=0Bw1TGT80HnrbSDNxVWNYX0c0TEU
4,75 ஞானங்சைாள் 75 63,https://drive.google.com/open?id=0Bw1TGT80HnrbNURST2xMRjlNTDQ
4,76 தைைநறு 76 64,https://drive.google.com/open?id=0Bw1TGT80HnrbUE1SRzVWMWRpOE0
4,77 தமருமமரும் 77 65,https://drive.google.com/open?id=0Bw1TGT80HnrbVmdIOFJmREVBdGs
4,78 தகலவலி 78 66,https://drive.google.com/open?id=0Bw1TGT80HnrbWHNHOGRfNFl2Y3M
4,79 திைமிலி 79 67,https://drive.google.com/open?id=0Bw1TGT80Hnrbd29iWURibmNKNnc
4,80 திமிையுததி 80 68,https://drive.google.com/open?id=0Bw1TGT80HnrbY3FLa2U2U2Jmc3M
4,81 பைர்தற்ைரிதான 81 69,https://drive.google.com/open?id=0Bw1TGT80HnrbMkloOXE5OW9KTzg
4,82 பஞ்சபாதைன் 82 70,https://drive.google.com/open?id=0Bw1TGT80HnrbRUdaSW5ramFGeVU
4,83 பாரியான 83 71,https://drive.google.com/open?id=0Bw1TGT80HnrbMzNPczlLV1R0Z28
4,84 புைவிக்ைணி 84 455,https://drive.google.com/open?id=0Bw1TGT80HnrbMDRsSHFzcENhek0
4,85 சபாதைந்தரு 85 72,https://drive.google.com/open?id=0Bw1TGT80HnrbMHBuUXV0SFlNU28
4,86 மனக்ைவகல 86 73,https://drive.google.com/open?id=0Bw1TGT80HnrbWEE3UFJSQlFnVXM
4,87 மூலங்கிள 87 74,https://drive.google.com/open?id=0Bw1TGT80HnrbTU0zcmE0cERhN00
4,88 மூலமந்திைம் 88 75,https://drive.google.com/open?id=0Bw1TGT80HnrbY0RkOE41WUl4dm8
4,89 வசனமிை 89 76,https://drive.google.com/open?id=0Bw1TGT80HnrbNVgtaWZRMy10YTg
4,90 வைதாமணி 90 77,https://drive.google.com/open?id=0Bw1TGT80HnrbSk5ybGlZYndHd00
4,91 வாதம்பித்தம் 91 437,https://drive.google.com/open?id=0Bw1TGT80HnrbT2ktZEI4RTlNQU0
4,92 சவயிகசந்து 92 428,https://drive.google.com/open?id=0Bw1TGT80HnrbcWRFY0JrWTd2T2M
5,93 அவாமரு 93 78,https://drive.google.com/open?id=0Bw1TGT80HnrbR2VUQWY1Q3Jrcmc
5,94 ஆனாதபிருதிவி 94 79,https://drive.google.com/open?id=0Bw1TGT80HnrbNXlMUGc0Yk1BU0U
5,95 இருவிகனபுகனந்து 95 80,https://drive.google.com/open?id=0Bw1TGT80HnrbdVo5VWQ5OVBldU0
5,96 எந்தத்திகையினும் 96 81,https://drive.google.com/open?id=0Bw1TGT80HnrbSk1LZG9LVFUwSW8
5,97 ஒருவகையும் 97 82,https://drive.google.com/open?id=0Bw1TGT80HnrbcXo5Mm9vSkxYSWs
5,98 ைைாவினிகை 98 83,https://drive.google.com/open?id=0Bw1TGT80HnrbdzJuVDd6Nnh3ckU
5,99 ைடிமாமலர்க்கு 99 84,https://drive.google.com/open?id=0Bw1TGT80HnrbeWxLaF9DZXIyd3M
5,100 ைதிைவன் 100 479,https://drive.google.com/open?id=0Bw1TGT80Hnrba2tQd0FONVJQRDA
5,101 ைகறபடும் 101 85,https://drive.google.com/open?id=0Bw1TGT80HnrbR2Z5X0c0N1UwSDA
5,102 ைாமியத் 102 86,https://drive.google.com/open?id=0Bw1TGT80HnrbSjdVSXgwMGdZZ0k
5,103 குமைகுருபை 103 87,https://drive.google.com/open?id=0Bw1TGT80HnrbRW9fWm15RlZXcEk
5,104 சைணைம 104 88,https://drive.google.com/open?id=0Bw1TGT80HnrbOG9vMlltcnRFNE0
5,105 சுத்திய 105 89,https://drive.google.com/open?id=0Bw1TGT80Hnrba2RPMjBrRmVUTzQ
5,106 பசைமாகய 106 90,https://drive.google.com/open?id=0Bw1TGT80HnrbbS1qU1dHdmdRb1U
5,107 பதருவினில் 107 91,https://drive.google.com/open?id=0Bw1TGT80HnrbUlRHRFlVZ0o1Ymc
5,108 நாசர்தங் 108 92,https://drive.google.com/open?id=0Bw1TGT80HnrbbktVdkVBZno4VVk
5,109 நாசவறு 109 93,https://drive.google.com/open?id=0Bw1TGT80HnrbaWVDcmtjOUZlazQ
5,110 நிகறமதி 110 94,https://drive.google.com/open?id=0Bw1TGT80HnrbSnhzSFpBVFVYNzg
5,111 பாதிமதி 111 95,https://drive.google.com/open?id=0Bw1TGT80HnrbUVByRm90blE0SE0
5,112 மைைசைதனத்தன் 112 462,https://drive.google.com/open?id=0Bw1TGT80HnrbYzRzaFNYdWcxUGM
5,113 ஓருருவாகிய 113 96,https://drive.google.com/open?id=0Bw1TGT80HnrbZmJabnVXUy1pbmM
5,114 அகமவுற்று 114 98,https://drive.google.com/open?id=0Bw1TGT80HnrbWmZkdDNxUE9zaEU
5,115 அைைைசிவ 115 99,https://drive.google.com/open?id=0Bw1TGT80HnrbMnhFeVR1MkpleXc
6,116 இருப்பவல் 116 100,https://drive.google.com/open?id=0Bw1TGT80HnrbM1JhbEN0S19veXM
6,117 இருமலு 117 97,https://drive.google.com/open?id=0Bw1TGT80HnrbNm1QWmZqTW9NUXc
6,118 உைலினூடு 118 101,https://drive.google.com/open?id=0Bw1TGT80HnrbZkpycENuMnkwdVk
6,119 உகையவர் 119 425,https://drive.google.com/open?id=0Bw1TGT80Hnrbd0NKbHJtYjlSSkU
6,120 உய்யஞான 120 454,https://drive.google.com/open?id=0Bw1TGT80HnrbVnlYV01vV09zdWc
6,121 எத்தகனைலாதி 121 102,https://drive.google.com/open?id=0Bw1TGT80Hnrbd3Ywd1FVME5BLU0
6,122 எலுப்புநாடிைள் 122 103,https://drive.google.com/open?id=0Bw1TGT80HnrbYmFuTUNYRnBmWmc
6,123 எனக்பைன 123 104,https://drive.google.com/open?id=0Bw1TGT80HnrbU1lLR0pPVHAyM0E
6,124 எகனயகைந்த 124 105,https://drive.google.com/open?id=0Bw1TGT80HnrbcUZQMHliQW5mMjQ
6,125 ஏதுபுத்தி 125 106,https://drive.google.com/open?id=0Bw1TGT80HnrbQ19UaEp3MFRmZjg
6,126 ைகலமைவார் 126 107,https://drive.google.com/open?id=0Bw1TGT80HnrbZWt6Z0EtVUhVNFk
6,127 ைவடுற்ற 127 473,https://drive.google.com/open?id=0Bw1TGT80HnrbTmZaM24tSUF1b2M
6,128 ைகனத்ததி 128 108,https://drive.google.com/open?id=0Bw1TGT80HnrbR2dnalZ2WFhfM3c
6,129 கிறிபமாழி 129 483,https://drive.google.com/open?id=0Bw1TGT80HnrbRmtITHdWYW9iRDQ
6,130 பைாந்துவார் 130 109,https://drive.google.com/open?id=0Bw1TGT80HnrbQ3ZzNmpyZmZCWnc
6,131 சினத்தவர் 131 110,https://drive.google.com/open?id=0Bw1TGT80HnrbbU92Vm1QbzVoUnM
6,132 சினத்திலத்திகன 132 111,https://drive.google.com/open?id=0Bw1TGT80HnrbMlFMOGxKU1UxTHc
6,133 தாக்ைமரு 133 112,https://drive.google.com/open?id=0Bw1TGT80HnrbTnhwMmZNcG56RXM
6,134 துப்பைப்பா 134 113,https://drive.google.com/open?id=0Bw1TGT80HnrbbU5VcmM4T3dFb0k
6,135 பதாக்ைறா 135 429,https://drive.google.com/open?id=0Bw1TGT80HnrbTWNoN3NubDFqV2s
6,136 நிகலயாத 136 114,https://drive.google.com/open?id=0Bw1TGT80HnrbS2RuZGpKeGNWUWM
6,137 நிகனத்த 137 115,https://drive.google.com/open?id=0Bw1TGT80HnrbV29uU1o0U1J5aWM
6,138 பைலிைா 138 116,https://drive.google.com/open?id=0Bw1TGT80HnrbUERxbkhsYlhuejA
7,139 பருத்தப்பற் 139 465,https://drive.google.com/open?id=0Bw1TGT80HnrbX1VVc25GY0NRTXM
7,140 பபாற்பதத்திகன 140 117,https://drive.google.com/open?id=0Bw1TGT80HnrbLUZqcGh5MGc3SkE
7,141 முத்துத்பதறிக்ை 141 118,https://drive.google.com/open?id=0Bw1TGT80HnrbcWxrUWhCTmxNSGs
7,142 வட்ைவாட்ை 142 463,https://drive.google.com/open?id=0Bw1TGT80HnrbRlN1YW1jMjlxMmM
7,143 வரிக்ைகலயில் 143 119,https://drive.google.com/open?id=0Bw1TGT80HnrbbW43dzQ4bUViZEU
7,144 விகனக்கின 144 464,https://drive.google.com/open?id=0Bw1TGT80HnrbSFl4U2hob25HdTg
7,145 பவற்றிபசய 145 120,https://drive.google.com/open?id=0Bw1TGT80HnrbVTdWVnFWZWZuUms
7,146 ஈனமிகுத்த 146 121,https://drive.google.com/open?id=0Bw1TGT80HnrbXzVOelJQOHJJRzA
7,147 சுற்றைபசைாடு 147 122,https://drive.google.com/open?id=0Bw1TGT80HnrbYWYteUt6VkFtSDA
7,148 பக்தியால் 148 123,https://drive.google.com/open?id=0Bw1TGT80HnrbQ1JXZmxiX3Qxakk
7,149 ஆதிமைமாயி 149 124,https://drive.google.com/open?id=0Bw1TGT80HnrbOTFZTUM1SUZzMTA
7,150 உடுக்ைத்துகில் 150 125,https://drive.google.com/open?id=0Bw1TGT80HnrbRlBsRVpSVkt3Zm8
7,151 எதிரிலாதபக்தி 151 126,https://drive.google.com/open?id=0Bw1TGT80HnrbQWFhazVLYjZXUFU
7,152 ைைைை 152 127,https://drive.google.com/open?id=0Bw1TGT80HnrbWEw0S3h4UGNkY0E
7,153 சைத்சதயுதித்தாய் 153 128,https://drive.google.com/open?id=0Bw1TGT80Hnrbd00yUXNIZmlWV2s
7,154 சரிகயயாளர்க்கும் 154 488,https://drive.google.com/open?id=0Bw1TGT80HnrbUlJCWmhlSHdEMnM
7,155 திருமைளுலாவும் 155 129,https://drive.google.com/open?id=0Bw1TGT80HnrbNjZ5VnFZSWh0OVE
7,156 மாதர்வச 156 130,https://drive.google.com/open?id=0Bw1TGT80HnrbZWNORGtKemdXTzQ
7,157 வருபவர்ைசளாகல 157 131,https://drive.google.com/open?id=0Bw1TGT80HnrbSUhvemdLblBPODA
7,159 சதனுந்து 159 132,https://drive.google.com/open?id=0Bw1TGT80HnrbaEs4WUNCa2Z6Sjg
7,160 புமியதனில் 160 133,https://drive.google.com/open?id=0Bw1TGT80HnrbRXpvZ0plQVVXUUU
7,161 அதிருங்ைழல் 161 134,https://drive.google.com/open?id=0Bw1TGT80HnrbTEJodDNBQlJzb28
8,162 எழுதிைழ் 162 135,https://drive.google.com/open?id=0Bw1TGT80HnrbbFFrRjBZVFZITk0
8,163 தகறயின் 163 136,https://drive.google.com/open?id=0Bw1TGT80HnrbdXV6Rlo3aHI4UWs
8,164 வஞ்சைசலாப 164 137,https://drive.google.com/open?id=0Bw1TGT80HnrbajJtM29uVzAtMm8
8,165 ஐங்ைைகன 165 138,https://drive.google.com/open?id=0Bw1TGT80HnrbQU5mNW5iekk3blk
8,166 பதால்கலமுதல் 166 139,https://drive.google.com/open?id=0Bw1TGT80HnrbVjJ6NV9hVkFZTVU
8,167 மகனயவள் 167 140,https://drive.google.com/open?id=0Bw1TGT80HnrbUWJBN3N4eXJ4NDg
8,168 ஏழுகுநிகற 168 141,https://drive.google.com/open?id=0Bw1TGT80HnrbRXVHVnR4NXZfdGM
8,169 சவதபவற் 169 142,https://drive.google.com/open?id=0Bw1TGT80HnrbZXRRVFByYzB4SUU
8,170 மகலக்கு 170 482,https://drive.google.com/open?id=0Bw1TGT80Hnrbc21yYTdDSEVKclk
8,171 அந்சதாமன 171 143,https://drive.google.com/open?id=0Bw1TGT80HnrbSk8yT3dQb3dIUGM
8,172 தவளரூப 172 144,https://drive.google.com/open?id=0Bw1TGT80HnrbX3BBWXJlOXhvMk0
8,173 சக்திபாணி 173 145,https://drive.google.com/open?id=0Bw1TGT80HnrbNEYyZzA0cGFQa2s
8,174 பைலிைவினிற் 174 146,https://drive.google.com/open?id=0Bw1TGT80HnrbaTFvVDNxUENCZzQ
8,175 புவனத்பதாரு 175 147,https://drive.google.com/open?id=0Bw1TGT80HnrbQXR4RE92NHU2NEk
8,176 வாசித்து 176 148,https://drive.google.com/open?id=0Bw1TGT80HnrbckZmWWRpVWZEbnM
8,177 அன்பாை 177 149,https://drive.google.com/open?id=0Bw1TGT80HnrbaXZWZzRBRll1b1U
8,178 ைாலனிைத்து 178 150,https://drive.google.com/open?id=0Bw1TGT80Hnrba1VqUHpvUnVWbk0
8,179 பைாடியமறலி 179 151,https://drive.google.com/open?id=0Bw1TGT80Hnrbc00xTkt2TFluQ00
8,180 பத்தர்ைணப்ரிய 180 152,https://drive.google.com/open?id=0Bw1TGT80HnrbRmhuTGZMZkdpNlU
8,181 புற்புதபமனா 181 153,https://drive.google.com/open?id=0Bw1TGT80HnrbN2k4WVJ3NXVkclE
8,182 ஒருபது 182 154,https://drive.google.com/open?id=0Bw1TGT80HnrbZTAxMTBIdEw5bDA
8,183 ைரிவாம்பரி 183 442,https://drive.google.com/open?id=0Bw1TGT80HnrbODhqTlQ0aEdKMjg
8,184 ைறுத்ததகல 184 155,https://drive.google.com/open?id=0Bw1TGT80HnrbRkwtZy1UeGRwbjQ
9,185 சைவணபவநிதி 185 156,https://drive.google.com/open?id=0Bw1TGT80HnrbSGJyVlVZZFpvcm8
9,186 சாந்தமில் 186 157,https://drive.google.com/open?id=0Bw1TGT80HnrbSGNGMFM1emoxcW8
9,187 பாட்டிலுருகிகல 187 158,https://drive.google.com/open?id=0Bw1TGT80HnrbM1cwWTNEYW1hLWs
9,188 அல்லிவிழியாலும் 188 159,https://drive.google.com/open?id=0Bw1TGT80HnrbZDZYamNVQmRxSU0
9,189 ஐயுமுறு 189 160,https://drive.google.com/open?id=0Bw1TGT80HnrbaXR1Z2pUVzNiSWs
9,190 ைைனமும் 190 161,https://drive.google.com/open?id=0Bw1TGT80HnrbYUN1QzJiRDB0RlE
9,191 குடிவாழ்க்கை 191 162,https://drive.google.com/open?id=0Bw1TGT80HnrbTDhfUWk4U01PSE0
9,192 சிைம்அங்ைம் 192 478,https://drive.google.com/open?id=0Bw1TGT80HnrbSmdBWlVsY2RxZzQ
9,193 அல்லில் 193 163,https://drive.google.com/open?id=0Bw1TGT80HnrbOUY2WFdlbDBFdTA
9,194 சைவணஜாதா 194 164,https://drive.google.com/open?id=0Bw1TGT80HnrbMENELVVFTW42RFk
9,195 இலாபமில் 195 165,https://drive.google.com/open?id=0Bw1TGT80HnrbMlZjbktQbHIzbGM
9,196 ஐந்துபூத 196 166,https://drive.google.com/open?id=0Bw1TGT80HnrbQnFScnRBN2pXYVU
9,197 ைரிபுைாரி 197 167,https://drive.google.com/open?id=0Bw1TGT80HnrbOHRMeUFnNEIxTk0
9,198 பைாைாதவகன 198 168,https://drive.google.com/open?id=0Bw1TGT80HnrbM0NoVFFSX2Q3SWs
9,199 சீைானசைால 199 500,https://drive.google.com/open?id=0Bw1TGT80HnrbVW4tMVZyNE9RVU0
9,200 தூதாளசைாடு 200 494,https://drive.google.com/open?id=0Bw1TGT80HnrbOGpteUNISzRaeUk
9,201 நிைாமய 201 170,https://drive.google.com/open?id=0Bw1TGT80HnrbSHFEQVNkaUw3enM
9,202 மாலாகச 202 170,https://drive.google.com/open?id=0Bw1TGT80Hnrbd25nQzYzVE1XTUU
9,203 ைருகியறி 203 498,https://drive.google.com/open?id=0Bw1TGT80HnrbVy04VGp0Tzc5WlE
9,204 இறவாமற் 204 171,https://drive.google.com/open?id=0Bw1TGT80HnrbUU1GUDZna1JmWkk
9,205 மனத்திகை 205 172,https://drive.google.com/open?id=0Bw1TGT80HnrbVTg4WVRvYjd0S2c
9,206 வாட்பை 206 173,https://drive.google.com/open?id=0Bw1TGT80HnrbM3Vkak85RlM3c28
9,207 வாலவயதாகி 207 174,https://drive.google.com/open?id=0Bw1TGT80HnrbaHFDSG1Ea0I3V00
10,208 சுருதிமகற 208 175,https://drive.google.com/open?id=0Bw1TGT80HnrbSk1OUW4zemhIbjg
10,209 சதாபலலும்பு 209 176,https://drive.google.com/open?id=0Bw1TGT80HnrbQzBzTHdGT3RHVEE
10,210 ஓங்குகமம்புலன் 210 177,https://drive.google.com/open?id=0Bw1TGT80Hnrbb0xJRTBMaGJKVDg
10,211 சந்தனந்திமிர்ந்த 211 178,https://drive.google.com/open?id=0Bw1TGT80HnrbelhfaEdKQjBsWVE
10,212 விைைற சநாக்கியும் 212 179,https://drive.google.com/open?id=0Bw1TGT80HnrbU0sya2hKSnZoenM
10,213 விந்துசபதித்த 213 459,https://drive.google.com/open?id=0Bw1TGT80HnrbZHZUaG54MHQ5U0k
10,214 எந்தன் 214 180,https://drive.google.com/open?id=0Bw1TGT80HnrbSkFkNFN6bHBBVUE
10,215 தகசயாகி 215 181,https://drive.google.com/open?id=0Bw1TGT80HnrbZnJaOWdNWFhIX0U
10,216 நித்தப்பிணி 216 491,https://drive.google.com/open?id=0Bw1TGT80HnrbYzBGNzE2Z3JMaXc
10,217 மதியால் 217 182,https://drive.google.com/open?id=0Bw1TGT80Hnrbb0p2SHZSUGtqblk
10,218 தாைணி 218 183,https://drive.google.com/open?id=0Bw1TGT80HnrbQjJ2cG1oblRKVE0
10,219 சவழமுண்ை 219 184,https://drive.google.com/open?id=0Bw1TGT80HnrbYkU5YnMzNXpnS3M
10,220 ைறுத்தகுஞ்சியு 220 185,https://drive.google.com/open?id=0Bw1TGT80HnrbVUdDSDlaekFnZTQ
10,221 பசனித்திடு 221 499,https://drive.google.com/open?id=0Bw1TGT80HnrbVk92cVJuRjdtQzQ
10,222 தகையினில் 222 186,https://drive.google.com/open?id=0Bw1TGT80HnrbeFpfRmpnVU5FQUE
10,223 நீலமுகிலான 223 485,https://drive.google.com/open?id=0Bw1TGT80Hnrba3hKTHBPVnAzTFE
10,224 ஆதிமுதனா 224 187,https://drive.google.com/open?id=0Bw1TGT80HnrbSWw5VzEzQVNTb1U
10,225 சாலபநடு 225 495,https://drive.google.com/open?id=0Bw1TGT80HnrbeUdaNER3ZnRBMm8
10,226 ஞாலபமங்கும் 226 188,https://drive.google.com/open?id=0Bw1TGT80HnrbbXF5dEdtT0FqUlU
10,227 சதாழகம 227 189,https://drive.google.com/open?id=0Bw1TGT80HnrbNkthV2xDQVJSV2M
10,228 புலவகை 228 190,https://drive.google.com/open?id=0Bw1TGT80Hnrbb2FheTBGRVNhSkk
10,229 மனபமனும் 229 191,https://drive.google.com/open?id=0Bw1TGT80HnrbZWY0MEFwMzlOTDA
10,230 அண்ைர்பதி 230 192,https://drive.google.com/open?id=0Bw1TGT80HnrbREhsY3RPOWgxX3M
11,231 சீதளவாரிஜ 231 193,https://drive.google.com/open?id=0Bw1TGT80HnrbcGxGaXFlc21XN3M
11,232 பிறவியான 232 194,https://drive.google.com/open?id=0Bw1TGT80HnrbMGcwX3c5OEozMVk
11,233 ஊனத்தகச 233 195,https://drive.google.com/open?id=0Bw1TGT80HnrbSzJjdzRkLTM4bGM
11,234 சருவிைழ்ந்து 234 196,https://drive.google.com/open?id=0Bw1TGT80HnrbcGFLc0V0LU1va1E
11,235 திணமணி 235 197,https://drive.google.com/open?id=0Bw1TGT80HnrbN2FQdm9KWnlqZ2c
11,236 பூமாதுை 236 198,https://drive.google.com/open?id=0Bw1TGT80HnrbRmNNVm9obzBReTQ
11,237 பரிவுறு 237 199,https://drive.google.com/open?id=0Bw1TGT80HnrbS2FsTkk0cThKWWM
11,238 ஒருவழி 238 200,https://drive.google.com/open?id=0Bw1TGT80HnrbaWVTNmVzY2tkSDg
11,239 உரியதவ 239 201,https://drive.google.com/open?id=0Bw1TGT80HnrbcFNWQkwwQTBBVDA
11,240 உகைத்தசம்ப்ைம 240 441,https://drive.google.com/open?id=0Bw1TGT80Hnrbd1IybzRuNVdCaFk
11,241 ஏட்டின்விதி 241 202,https://drive.google.com/open?id=0Bw1TGT80HnrbakJ3WVZlZG4tTE0
11,242 சுருதியாய் 242 203,https://drive.google.com/open?id=0Bw1TGT80HnrbM1FCdGVDYXFDOWc
11,243 அலங்ைாை 243 204,https://drive.google.com/open?id=0Bw1TGT80HnrbSkczV01wOWRQeEk
11,244 சவதத்திற் 244 449,https://drive.google.com/open?id=0Bw1TGT80HnrbZEZGdVduZUg3ZW8
11,245 வங்ைாை 245 205,https://drive.google.com/open?id=0Bw1TGT80HnrbdE96V0RhWXhMaTA
11,246 பச்கசபயாண்கிரி 246 206,https://drive.google.com/open?id=0Bw1TGT80HnrbM1E3dmVnTXowNVk
11,247 ஆசாைவீன 247 207,https://drive.google.com/open?id=0Bw1TGT80HnrbaGNsc0puQTJYdUE
11,248 அறிவிலாதவர் 248 440,https://drive.google.com/open?id=0Bw1TGT80HnrbajgydnZtdGtieFE
11,249 இருவிகனயஞ்ச 249 208,https://drive.google.com/open?id=0Bw1TGT80HnrbV3BxMm9qRmJYdEE
11,250 நிணபமாடு 250 209,https://drive.google.com/open?id=0Bw1TGT80HnrbUWdmdFN1Z0dpY0U
11,251 இருவிகன 251 210,https://drive.google.com/open?id=0Bw1TGT80HnrbNXU5SmJnZm5xOUE
11,252 பக்குவஆசாை 252 211,https://drive.google.com/open?id=0Bw1TGT80HnrbS2Nsd0ZXQXhocFU
11,253 இைத்தமுஞ்சியு 253 492,https://drive.google.com/open?id=0Bw1TGT80HnrbMDJrUWpPVkV0RTQ
12,254 திமிைமாம 254 212,https://drive.google.com/open?id=0Bw1TGT80HnrbeS1FMWRCRGJDdDg
12,255 அமருமமை 255 213,https://drive.google.com/open?id=0Bw1TGT80HnrbSnAza1lBUmZJUlU
12,256 அறமிலா 256 214,https://drive.google.com/open?id=0Bw1TGT80HnrbS0FHTDhHZjdiS0E
12,257 இைலவருதிகை 257 215,https://drive.google.com/open?id=0Bw1TGT80HnrbM2M4NmVmQ0NWYTg
12,258 ைடியசவை 258 430,https://drive.google.com/open?id=0Bw1TGT80HnrbQ3NsUmZFdU5Rc3M
12,259 திகைவார் 259 216,https://drive.google.com/open?id=0Bw1TGT80HnrbeG5FdDZOYzZGYlU
12,260 ஆங்குைல் 260 217,https://drive.google.com/open?id=0Bw1TGT80HnrbV0U5MzFtVTVncm8
12,261 அவசியமுன் 261 218,https://drive.google.com/open?id=0Bw1TGT80HnrbZHlTdk53cXB5Rmc
12,262 ைலைபலன 262 219,https://drive.google.com/open?id=0Bw1TGT80HnrbcENnSW5oeDNGLUk
12,263 மருமல்லியார் 263 220,https://drive.google.com/open?id=0Bw1TGT80HnrbRUR0dVFFZ2JpVHc
12,264 இபமாந்தர் 264 221,https://drive.google.com/open?id=0Bw1TGT80HnrbZWtFcHJfRkVFMnM
12,265 ஊனாறு 265 222,https://drive.google.com/open?id=0Bw1TGT80HnrbUVFoaWdaSy01UHM
12,266 நீதான் 266 223,https://drive.google.com/open?id=0Bw1TGT80HnrbVDh2WG51NldjYVU
12,267 பாசலாசதசனா 267 224,https://drive.google.com/open?id=0Bw1TGT80HnrbU21nMU5FWkR1R0E
12,268 பாசலாசதசனா 268 447,https://drive.google.com/open?id=0Bw1TGT80Hnrbd1VmaG1yc3EwYXc
12,269 குசமாகி 269 444,https://drive.google.com/open?id=0Bw1TGT80HnrbYUJFMUc4Umk5Zjg
12,270 பைருமுத்தமிழ் 270 225,https://drive.google.com/open?id=0Bw1TGT80HnrbZkRGYUtUNmpzT1U
12,271 படிபுனல் 271 226,https://drive.google.com/open?id=0Bw1TGT80HnrbOFdIUFN5Yk5Lbm8
12,272 பழியுரு 272 227,https://drive.google.com/open?id=0Bw1TGT80HnrbZi1TUmI2Nm15V1E
12,273 மருக்குலாவிய 273 228,https://drive.google.com/open?id=0Bw1TGT80Hnrbc0s4amxLQnpHWkk
12,274 எருவாய் 274 229,https://drive.google.com/open?id=0Bw1TGT80HnrbT2ZIUm8zckMxZW8
12,275 வண்டுசபாற் 275 230,https://drive.google.com/open?id=0Bw1TGT80HnrbMVVCd2xCQ0o0dGM
12,276 சதுைத்தகை 276 231,https://drive.google.com/open?id=0Bw1TGT80HnrbeG1KdGVLNVRVWGM
13,277 மாத்திகை 277 448,https://drive.google.com/open?id=0Bw1TGT80HnrbZm1NVklpUjlXQXc
13,278 ைார்ச்சார் 278 443,https://drive.google.com/open?id=0Bw1TGT80HnrbcFFzY3NUN0syMFU
13,279 பசாருபப்பிைைாச 279 232,https://drive.google.com/open?id=0Bw1TGT80HnrbdzJjSFA5bnhGbmM
13,280 தவர்வாட் 280 233,https://drive.google.com/open?id=0Bw1TGT80HnrbWmVVUE5uYjI4QW8
13,281 இகறயத்தகனசயா 281 234,https://drive.google.com/open?id=0Bw1TGT80HnrbTkJST09veEZHdHM
13,282 ஆறுமாறு 282 235,https://drive.google.com/open?id=0Bw1TGT80HnrbSUFOSHg1M201QVU
13,283 ைாபணாணா 283 236,https://drive.google.com/open?id=0Bw1TGT80HnrbdlppY0hqM1REQ0k
13,284 தாைைாசுைன் 284 237,https://drive.google.com/open?id=0Bw1TGT80HnrbLWVHemw2OFhVYnM
13,285 ஓலமிட்டி 285 238,https://drive.google.com/open?id=0Bw1TGT80HnrbRVN6SWVqQk5ENm8
13,286 விழுதாபதனசவ 286 239,https://drive.google.com/open?id=0Bw1TGT80Hnrbd0lLVkhyV2N4aDQ
13,287 அஞ்சுவித 287 240,https://drive.google.com/open?id=0Bw1TGT80HnrbeE9VVnN4Wmx6NFE
13,288 ஈகளசுைம் 288 241,https://drive.google.com/open?id=0Bw1TGT80HnrbSXNQT25vN251Xzg
13,289 உகையும் 289 242,https://drive.google.com/open?id=0Bw1TGT80HnrbcW9zM01GNUh4ZHM
13,290 தலங்ைளில் 290 496,https://drive.google.com/open?id=0Bw1TGT80HnrbQTA4U0tjdDFSc0U
13,291 தீைாப்பிணி 291 243,https://drive.google.com/open?id=0Bw1TGT80HnrbdlMzbDUzaUNNdjA
13,292 குதிப்பாய்ந்து 292 466,https://drive.google.com/open?id=0Bw1TGT80HnrbYWhRbGFWWWZlV2c
13,293 சயிலாங் 293 244,https://drive.google.com/open?id=0Bw1TGT80HnrbUmduTzVUaEZvVVE
13,294 ஆகனமுைவா 294 245,https://drive.google.com/open?id=0Bw1TGT80HnrbY2tyZEFoR0gxYnc
13,295 ைகலசமவு 295 246,https://drive.google.com/open?id=0Bw1TGT80HnrbejZOd0ZmTzVEbmc
13,296 நீதத்துவமாகி 296 247,https://drive.google.com/open?id=0Bw1TGT80Hnrba2VWSVp0LUh1c2c
13,297 பைவுபநடுங்ைதிர் 297 248,https://drive.google.com/open?id=0Bw1TGT80HnrbUTNmbnRQRFduamM
13,298 சிைைமருந்த 298 267,https://drive.google.com/open?id=0Bw1TGT80HnrbNkF0ZVRlUVVjaXc
13,299 அணிபசவ்வி 299 249,https://drive.google.com/open?id=0Bw1TGT80HnrbT3RNdFN5WnBXZE0
14,300 அரியயன் 300 250,https://drive.google.com/open?id=0Bw1TGT80HnrbRV9nd1pTVTJjdWs
14,301 அரிமருசைாசன 301 251,https://drive.google.com/open?id=0Bw1TGT80HnrbaEt1bVNiblBHYms
14,302 என்னால் 302 252,https://drive.google.com/open?id=0Bw1TGT80HnrbdkZYejdhbC1GVkE
14,303 குருதிகிருமிைள் 303 445,https://drive.google.com/open?id=0Bw1TGT80HnrbYWdDZVBOcEh6VUU
14,304 தாமகையின் 304 253,https://drive.google.com/open?id=0Bw1TGT80HnrbQlBIbml0UGdJdzA
14,305 அருவகை 305 254,https://drive.google.com/open?id=0Bw1TGT80HnrbdnlScnhaUUxrMFE
14,306 ஈஎறும்பு 306 255,https://drive.google.com/open?id=0Bw1TGT80HnrbZ09UWUV3VXpFTTQ
14,307 குைல்நிண 307 256,https://drive.google.com/open?id=0Bw1TGT80HnrbSGlOaDZlenFSaFU
14,308 நிைரில் 308 257,https://drive.google.com/open?id=0Bw1TGT80HnrbaHR2MDF2Ul9weTg
14,309 மருவுமஞ்சு 309 258,https://drive.google.com/open?id=0Bw1TGT80HnrbMDFvb1Z4TjRyc2s
14,310 திருபமாழி 310 259,https://drive.google.com/open?id=0Bw1TGT80HnrbSjhpTmg1TnkzRUU
14,311 பகசயற்ற 311 490,https://drive.google.com/open?id=0Bw1TGT80HnrbOXBNWHdWbzRKc2c
14,312 அைலரி 312 438,https://drive.google.com/open?id=0Bw1TGT80HnrbR3Q1M1AtcmZDMUk
14,313 இல்கலபயன 313 456,https://drive.google.com/open?id=0Bw1TGT80HnrbRjJVLTdRYmdwUGs
14,314 சிைரிைளிடி ய 314 260,https://drive.google.com/open?id=0Bw1TGT80HnrbMzBJdERjUzRLMjQ
14,315 வதனசசைாருை 315 261,https://drive.google.com/open?id=0Bw1TGT80HnrbMC1fR3RKTFdvV2s
14,316 சூழும்விகன 316 262,https://drive.google.com/open?id=0Bw1TGT80HnrbZFVDeEJWNW5NS00
14,317 குகைைைலு 317 446,https://drive.google.com/open?id=0Bw1TGT80Hnrba0tmMXR3Wk9hMWc
14,318 உைத்துகற 318 263,https://drive.google.com/open?id=0Bw1TGT80HnrbeUF1UTlvNnVBekU
14,319 எத்தகனசைாடி 319 264,https://drive.google.com/open?id=0Bw1TGT80HnrbREQxUzdXMDZfcjQ
14,320 மாலினால் 320 265,https://drive.google.com/open?id=0Bw1TGT80HnrbUmVtOU5IdEx5bHM
14,321 ைகழமுத்து 321 266,https://drive.google.com/open?id=0Bw1TGT80HnrbZmdOcWtVaG5Vblk
14,322 கும்பசைாணம் 322 268,https://drive.google.com/open?id=0Bw1TGT80HnrbSy1VUUFIcndMTGs
15,323 அைைமுத 323 269,https://drive.google.com/open?id=0Bw1TGT80HnrbR0pEZG92UkFTdFU
15,324 அடியார்மனம் 324 270,https://drive.google.com/open?id=0Bw1TGT80HnrbQlRyWkVTRDVjdEk
15,325 அதலசசைன் 325 271,https://drive.google.com/open?id=0Bw1TGT80HnrbRnRCdnptcDR0Mmc
15,326 அப்படிசயழு 326 487,https://drive.google.com/open?id=0Bw1TGT80HnrbeGw1RlR1N3hXSjg
15,327 அமலவாயு 327 450,https://drive.google.com/open?id=0Bw1TGT80HnrbUXVvZWJGTUlzeFE
15,328 ஆசாைவீனன் 328 272,https://drive.google.com/open?id=0Bw1TGT80HnrbZUwxLWhOVEl0UlE
15,329 ஆகசகூர் 329 273,https://drive.google.com/open?id=0Bw1TGT80HnrbdWdEcUVfeVB1QlE
15,330 ஆைவாை 330 274,https://drive.google.com/open?id=0Bw1TGT80HnrbNzJUaHp4Tk5rQTg
15,331 ஆைாதைாதல் 331 275,https://drive.google.com/open?id=0Bw1TGT80HnrbNzBIN3JTczBkb2s
15,332 ஆைாதன 332 276,https://drive.google.com/open?id=0Bw1TGT80HnrbZlM3MXJROFp6NW8
15,333 ஆவிைப்ப 333 277,https://drive.google.com/open?id=0Bw1TGT80HnrbLUtmWms4REN5LXc
15,334 ஆனாதஞான 334 278,https://drive.google.com/open?id=0Bw1TGT80HnrbOEZJbXJyQTFuTWM
15,335 இகசந்த 335 279,https://drive.google.com/open?id=0Bw1TGT80HnrbNTdXeXVuenVsSDQ
15,336 இத்தைணி 336 280,https://drive.google.com/open?id=0Bw1TGT80HnrbR2lPb0M0V2tMRnc
15,337 இைசவாடு 337 281,https://drive.google.com/open?id=0Bw1TGT80HnrbMTBrV1JzeW9PdU0
15,338 இருசநாய் 338 282,https://drive.google.com/open?id=0Bw1TGT80HnrbYmdnRkd6TmpydUk
15,339 இருந்தவீடு 339 283,https://drive.google.com/open?id=0Bw1TGT80HnrbNTFNdTRtUi12ZWs
15,340 இனமகற 340 284,https://drive.google.com/open?id=0Bw1TGT80HnrbcDViakswWWcyNmc
15,341 உலைத்தினில் 341 285,https://drive.google.com/open?id=0Bw1TGT80HnrbY2djZUNmTUJkLW8
15,342 உறவின்முகற 342 286,https://drive.google.com/open?id=0Bw1TGT80HnrbNUUzSVdOSG1hdHc
15,343 ஊனுந்தகச 343 287,https://drive.google.com/open?id=0Bw1TGT80HnrbWmN5emEtVVpJam8
15,344 ஊசனபறலும்பு 344 288,https://drive.google.com/open?id=0Bw1TGT80HnrbVjlJM2duSFdHVE0
15,345 எட்டுைபனா 345 289,https://drive.google.com/open?id=0Bw1TGT80HnrbWW1QYXAtWENVUnc
16,346 எதிபைாருவரி 346 290,https://drive.google.com/open?id=0Bw1TGT80HnrbTWlDdHdJdEJTZHc
16,347 எழுதரிய 347 291,https://drive.google.com/open?id=0Bw1TGT80HnrbSnAtQnZvXzNub1U
16,348 எழுபிறவி 348 292,https://drive.google.com/open?id=0Bw1TGT80HnrbclhuUU9BWE1SMGM
16,349 என்பந்த 349 293,https://drive.google.com/open?id=0Bw1TGT80HnrbMlRZdkdrNktOZVE
16,350 ஏட்டிசலவகை 350 234,https://drive.google.com/open?id=0Bw1TGT80HnrbajhvUW5ha2ZZaU0
16,351 ஒழுகூனிைத்த 351 295,https://drive.google.com/open?id=0Bw1TGT80HnrbODJtR2tzUEljQUk
16,352 ஓதுமுத்தமிழ் 352 296,https://drive.google.com/open?id=0Bw1TGT80Hnrbd2xnUU96SHRVYlU
16,353 ைைகலப்பயபறாடு 353 493,https://drive.google.com/open?id=0Bw1TGT80HnrbTElwX1g4YXJFSFU
16,354 ைறுப்பற்றூறி 354 295,https://drive.google.com/open?id=0Bw1TGT80HnrbcFU1dC1qaXVLTlk
16,355 ைருப்கபயில் 355 460,https://drive.google.com/open?id=0Bw1TGT80HnrbSUNGc3VJaEZIM0k
16,356 ைவடுசைாத்பதழு 356 298,https://drive.google.com/open?id=0Bw1TGT80HnrbUkpwdkV4djlkbGs
16,357 ைாதிசமாதி 357 299,https://drive.google.com/open?id=0Bw1TGT80HnrbV1RMYTBqOWlncm8
16,358 குகையில் 358 300,https://drive.google.com/open?id=0Bw1TGT80HnrbVmd4Qmtpc1htTlE
16,359 குருதிசதாலினால் 359 484,https://drive.google.com/open?id=0Bw1TGT80HnrbdmhFcVJSZmpMdzA
16,360 பைாடியமத 360 301,https://drive.google.com/open?id=0Bw1TGT80HnrbNFk0M3RkMUVLdjg
16,361 சந்தம்புகனந்து 361 302,https://drive.google.com/open?id=0Bw1TGT80HnrbMUpESHJka2E5Rmc
16,362 சமயபத்தி 362 303,https://drive.google.com/open?id=0Bw1TGT80HnrbSERQeEVILWh0aGc
16,363 சருவிய 363 472,https://drive.google.com/open?id=0Bw1TGT80HnrbV3VrYXJobTJNRTQ
16,364 சலமல 364 304,https://drive.google.com/open?id=0Bw1TGT80HnrbWkpXeUNyQzN1eVU
16,365 சாங்ைரி 365 305,https://drive.google.com/open?id=0Bw1TGT80HnrbWmNNdlRSWXhhNFk
16,366 சிவஞான 366 306,https://drive.google.com/open?id=0Bw1TGT80HnrbUEhxaG9KdlVaSTA
16,367 சீதமலம் 367 307,https://drive.google.com/open?id=0Bw1TGT80HnrbVE9UcThPRlVyazQ
16,368 சுட்ைது 368 308,https://drive.google.com/open?id=0Bw1TGT80HnrbM05GODZ0NW9OaXM
17,369 சுருதிபவகுமுை 369 309,https://drive.google.com/open?id=0Bw1TGT80HnrbWmQzVk1CcmRMX2c
17,370 சூதினுண 370 310,https://drive.google.com/open?id=0Bw1TGT80HnrbdWllWVI1X2hMMVk
17,371 பசழுந்தாது 371 467,https://drive.google.com/open?id=0Bw1TGT80HnrbSGhJWVRFeUVjUEU
17,372 ஞானாவிபூஷணி 372 489,https://drive.google.com/open?id=0Bw1TGT80HnrbSXJkdFFiLUNGUW8
17,373 தகசயும் உதிைமும் 373 311,https://drive.google.com/open?id=0Bw1TGT80HnrbbEpGRXRpT3JxNm8
17,374 தத்தனமும் 374 312,https://drive.google.com/open?id=0Bw1TGT80HnrbQXE5OUVRbkpPOVk
17,375 தைணிமிகச 375 313,https://drive.google.com/open?id=0Bw1TGT80HnrbTTNES1dWdkllSWM
17,376 தகலவலய 376 314,https://drive.google.com/open?id=0Bw1TGT80HnrbanMybEtjYWoyYVk
17,377 தவபநறி 377 315,https://drive.google.com/open?id=0Bw1TGT80HnrbQU0xZ0FLQm1mSjA
17,378 திரிபுைமதகன 378 316,https://drive.google.com/open?id=0Bw1TGT80HnrbeEFjZWQtR0VnRzA
17,379 திகைவஞ்ச 379 317,https://drive.google.com/open?id=0Bw1TGT80HnrbenBETVBuWG9sa0U
17,380 துள்ளுமத 380 318,https://drive.google.com/open?id=0Bw1TGT80HnrbM0oyN3RtZFlOWFk
17,381 சதாைண 381 319,https://drive.google.com/open?id=0Bw1TGT80HnrbZ19fbGkxRXRkSXM
17,382 சதாலத்தியால் 382 320,https://drive.google.com/open?id=0Bw1TGT80HnrbUlFRMS1YVlNvNkk
17,383 நகைபயாடு 383 321,https://drive.google.com/open?id=0Bw1TGT80Hnrbb05RYzJVZ2FoaE0
17,384 நாைாசல 384 451,https://drive.google.com/open?id=0Bw1TGT80HnrbYkd3NkNma0pqOG8
17,385 நாலிைண்டு 385 322,https://drive.google.com/open?id=0Bw1TGT80HnrbRGs5QnNKY2x5bms
17,386 நாளுமிகுத்த 386 323,https://drive.google.com/open?id=0Bw1TGT80Hnrbc3hCcUhiUm1YUGc
17,387 நித்தமுற்று 387 324,https://drive.google.com/open?id=0Bw1TGT80HnrbRUFfV0tTcWpnZDA
17,388 நிமிர்ந்த 388 325,https://drive.google.com/open?id=0Bw1TGT80Hnrbc3daR1hxSWxBaTg
17,389 நிருதைார் 389 326,https://drive.google.com/open?id=0Bw1TGT80HnrbT0xoQ01ZSDFFem8
17,390 நீருபமன்பு 390 327,https://drive.google.com/open?id=0Bw1TGT80HnrbOHdWT3FITHZfNE0
17,391 நீலங்பைாள் 391 328,https://drive.google.com/open?id=0Bw1TGT80HnrbZnoxSEtYU2xWMDA
18,392 பநடியவை 392 329,https://drive.google.com/open?id=0Bw1TGT80HnrbNDlJeHJ0QXlrbXM
18,393 பகிைநிகன 393 330,https://drive.google.com/open?id=0Bw1TGT80HnrbUE9taU12VHAtbUU
18,394 பட்டுப் 394 331,https://drive.google.com/open?id=0Bw1TGT80HnrbMFdWODhoMFdhaFU
18,395 பைகவக்பைத்தகன 395 332,https://drive.google.com/open?id=0Bw1TGT80HnrbcWhzU2c5b2hWdEU
18,396 பருதியாய் 396 333,https://drive.google.com/open?id=0Bw1TGT80HnrbX0dxc2JSZk9VbmM
18,397 பாணிக்குட்பைாது 397 334,https://drive.google.com/open?id=0Bw1TGT80Hnrbb1BqeWtEZ0FLdm8
18,398 பிறவியகல 398 335,https://drive.google.com/open?id=0Bw1TGT80HnrbSk12WW8xX0g4Rjg
18,399 புைரில்சசவல 399 336,https://drive.google.com/open?id=0Bw1TGT80HnrbNm10R3VQWUZ5OGs
18,400 புத்தைத்து 400 452,https://drive.google.com/open?id=0Bw1TGT80HnrbOGJMWVlNMmVlaEU
18,401 புவிக்குன் 401 337,https://drive.google.com/open?id=0Bw1TGT80HnrbUVNyVmUxcUpvNUU
18,402 பூதைலாதிைள் 402 481,https://drive.google.com/open?id=0Bw1TGT80HnrbaDBQTEJGZlpOOFE
18,403 பபருங்ைாரியம் 403 338,https://drive.google.com/open?id=0Bw1TGT80HnrbMnhXTmRCenhWUkk
18,404 சபைவா 404 339,https://drive.google.com/open?id=0Bw1TGT80HnrbQ1JMTEYzcDNaUnc
18,405 பபாதுவதாய் 405 340,https://drive.google.com/open?id=0Bw1TGT80HnrbNHFyR19qUmthd0k
18,406 சபாதநிர்குண 406 341,https://drive.google.com/open?id=0Bw1TGT80HnrbcURwYlFnaHUyM1E
18,407 மக்ைள்தாயர் 407 501,https://drive.google.com/open?id=0Bw1TGT80HnrbVEpJekJYaVZUZ3c
18,408 மதசனவிய 408 342,https://drive.google.com/open?id=0Bw1TGT80HnrbbFA2bHREUThNTHM
18,409 மதிதகன 409 343,https://drive.google.com/open?id=0Bw1TGT80HnrbV0xqbUxsTHlTdW8
18,410 மனைபாை 410 344,https://drive.google.com/open?id=0Bw1TGT80HnrbMzdiSVFvV1YtN28
18,411 மகனமக்ைள் 411 345,https://drive.google.com/open?id=0Bw1TGT80HnrbUlV2cy1Vd0tCTlU
18,412 மாண்ைாபைலும்பும் 412 346,https://drive.google.com/open?id=0Bw1TGT80HnrbeEpXTzY4elFxWkk
18,413 முருைமயூை 413 347,https://drive.google.com/open?id=0Bw1TGT80HnrbRXpfSVZOaXVTNkU
18,414 முகனயழிந்தது 414 348,https://drive.google.com/open?id=0Bw1TGT80HnrbYjF5REZEdDE1b2s
19,415 மூலாநிலமதி 415 349,https://drive.google.com/open?id=0Bw1TGT80HnrbRHZ1YUlKTk4zc0k
19,416 சமாதுமறலி 416 350,https://drive.google.com/open?id=0Bw1TGT80HnrbYTNxWi05em42MjQ
19,417 வாதந்தகல 417 351,https://drive.google.com/open?id=0Bw1TGT80HnrbX2kzSklWWnA0Y28
19,418 வாரிமீசத 418 352,https://drive.google.com/open?id=0Bw1TGT80HnrbMnRwYlBKbGFRVDA
19,419 வானப்புக்கு 419 353,https://drive.google.com/open?id=0Bw1TGT80HnrbMVkzT01OekVOeHc
19,420 சவைர்பசழு 420 354,https://drive.google.com/open?id=0Bw1TGT80HnrbZzY4VkNDeUZhTHM
19,421 சவதவித்தை 421 355,https://drive.google.com/open?id=0Bw1TGT80HnrbS2tnZ3YwREZDcEE
19,422 அதிமதங்ைக்ை 422 497,https://drive.google.com/open?id=0Bw1TGT80HnrbMGFvcjVadGRrQUE
19,423 அறிவிலா 423 356,https://drive.google.com/open?id=0Bw1TGT80HnrbaTJoalVtSXQzN00
19,424 அற்கறக்கிகை 424 357,https://drive.google.com/open?id=0Bw1TGT80HnrbaTdjZmtwcW4tREk
19,425 எனக்குச்சற்று 425 358,https://drive.google.com/open?id=0Bw1TGT80HnrbNmwxdHlOdkFXM0E
19,426 ைருமமான 426 359,https://drive.google.com/open?id=0Bw1TGT80HnrbakM2dzdsUzRrZk0
19,427 சீயுதிைபமங்கும் 427 72,https://drive.google.com/open?id=0Bw1TGT80HnrbbnJKbVNmZ2lMY1k
19,428 ைனிதருங் 428 361,https://drive.google.com/open?id=0Bw1TGT80HnrbTzBoZ1Z3NER2b2s
19,429 பைாத்தார் 429 480,https://drive.google.com/open?id=0Bw1TGT80HnrbLUktUk40ekZNZTA
19,430 சீசிமுப்புை 430 362,https://drive.google.com/open?id=0Bw1TGT80Hnrbb2NQMlh3VVEzcW8
19,431 பசறிதரும் 431 363,https://drive.google.com/open?id=0Bw1TGT80HnrbdER3S3Z6OUxLS0E
19,432 தகலவகலயத்து 432 364,https://drive.google.com/open?id=0Bw1TGT80HnrbNW9BelYyWG9yTDQ
19,433 நச்சைவ 433 365,https://drive.google.com/open?id=0Bw1TGT80HnrbWE43eE1ZRzEzLUE
19,434 படிபறாழுக்ைமும் 434 366,https://drive.google.com/open?id=0Bw1TGT80HnrbU1ZsVk1LYTFQYjg
19,435 புகைபடுஞ் 435 367,https://drive.google.com/open?id=0Bw1TGT80HnrbZ1pDZ0xWNURDY2s
19,436 புனமைந்கத 436 468,https://drive.google.com/open?id=0Bw1TGT80HnrbMzBlbkFNbDdCQnc
19,437 பபாக்குப்கப 437 458,https://drive.google.com/open?id=0Bw1TGT80HnrbVWJ0YUpWR19LTUk
20,438 மக்ைட்கு 438 368,https://drive.google.com/open?id=0Bw1TGT80HnrbQnFoRnQ4SmpNeFk
20,439 முட்டுப்பட்டு 439 369,https://drive.google.com/open?id=0Bw1TGT80HnrbVXNjS0l6UnJpbGM
20,440 வம்பறா 440 370,https://drive.google.com/open?id=0Bw1TGT80HnrbSFdBTHNQQ3ZEOFk
20,441 அனித்தமான 441 371,https://drive.google.com/open?id=0Bw1TGT80HnrbVFFNdFpFNFhOQ2s
20,442 ஓலமகறைள் 442 372,https://drive.google.com/open?id=0Bw1TGT80HnrbVDI2cVFYZXpTd2c
20,443 குருதிபுலால் 443 373,https://drive.google.com/open?id=0Bw1TGT80HnrbX0lyOFk3Y0JhVGs
20,444 நாடித்சதடி 444 374,https://drive.google.com/open?id=0Bw1TGT80HnrbeWdwWTJDQkV1Xzg
20,445 பரிமளமிை 445 375,https://drive.google.com/open?id=0Bw1TGT80HnrbZmJKT1dwTjRKWlE
20,446 அருக்ைார் 446 469,https://drive.google.com/open?id=0Bw1TGT80HnrbaWJucWpoMGVaa2s
20,447 அழுதும் 447 470,https://drive.google.com/open?id=0Bw1TGT80HnrbcjBNcW1UMnRPWHM
20,448 இமைாஜனிலா 448 376,https://drive.google.com/open?id=0Bw1TGT80HnrbTGJBWFhwY3FGXzg
20,449 இைவியுமதி 449 453,https://drive.google.com/open?id=0Bw1TGT80HnrbQ25sYUlCeXkyREE
20,450 இைவுபைல் 450 377,https://drive.google.com/open?id=0Bw1TGT80HnrbcGM2Vk1Eb1RtQVk
20,451 இருவர்மயசலா 451 378,https://drive.google.com/open?id=0Bw1TGT80HnrbMDA2aEdxdVR3ZDg
20,452 இருவிகனயஞ்ச 452 379,https://drive.google.com/open?id=0Bw1TGT80HnrbWk9mR1BVQXZqd3c
20,453 இருவிகனயூண் 453 475,https://drive.google.com/open?id=0Bw1TGT80HnrbS2xFQnJodE9JUWs
20,454 ைைல்பைவு 454 380,https://drive.google.com/open?id=0Bw1TGT80HnrbeUkxOVlDaDQ0ejQ
20,455 ையல்விழித்சதன் 455 381,https://drive.google.com/open?id=0Bw1TGT80HnrbX3RIWGlwUVc4bVk
20,456 ைரிமுைக் 456 382,https://drive.google.com/open?id=0Bw1TGT80HnrbZDd5N19EakFndG8
20,457 ைருகணசிறிதும் 457 383,https://drive.google.com/open?id=0Bw1TGT80HnrbNjBLc2pmWTRVQnM
20,458 குமரிைாளி 458 384,https://drive.google.com/open?id=0Bw1TGT80HnrbZVBtSEp1TXpZVG8
20,459 குழவியுமாய் 459 471,https://drive.google.com/open?id=0Bw1TGT80HnrbS2VKYlM1ZzZKeGM
20,460 ைாணாததூைம் 460 385,https://drive.google.com/open?id=0Bw1TGT80HnrbejE0WG1ONUk0VUU
21,461 கீதவிசநாத 461 386,https://drive.google.com/open?id=0Bw1TGT80HnrbZEctQmZQa0tHSjQ
21,462 சிவமாதுைசன 462 387,https://drive.google.com/open?id=0Bw1TGT80HnrbQldUbHQ5Y1dPQWM
21,463 பஜயபஜயா 463 388,https://drive.google.com/open?id=0Bw1TGT80Hnrbckg4aUMtT0t2bXM
21,464 தமைகுைங்ைளும் 464 389,https://drive.google.com/open?id=0Bw1TGT80HnrbREg4dHVnY29xN2c
21,465 பரியகை 465 390,https://drive.google.com/open?id=0Bw1TGT80HnrbZUg0TTVmQUotRUE
21,466 புகலயனான 466 391,https://drive.google.com/open?id=0Bw1TGT80HnrbNzMwZUdMdHgwTUE
21,467 சபதைவிசைாத 467 474,https://drive.google.com/open?id=0Bw1TGT80HnrbbHhGcWtxbUxsTEk
21,468 வலிவாத 468 392,https://drive.google.com/open?id=0Bw1TGT80Hnrbb1RmNW5Ud0NlcVE
21,469 விதியதாை 469 393,https://drive.google.com/open?id=0Bw1TGT80HnrbWC15Q1NudjhtTDA
21,470 விைபைாடு 470 457,https://drive.google.com/open?id=0Bw1TGT80HnrbMUZGQTZid1RndEU
21,471 சைக்சைறி 471 374,https://drive.google.com/open?id=0Bw1TGT80HnrbLXJQanVQT25CdEU
21,472 சிைத்தனத்தில் 472 395,https://drive.google.com/open?id=0Bw1TGT80Hnrba0Jqc2JIcXBabWs
21,473 பங்ையனார் 473 396,https://drive.google.com/open?id=0Bw1TGT80HnrbLUdONHJ6aHp0WnM
21,474 அவகுண 474 397,https://drive.google.com/open?id=0Bw1TGT80HnrbNXdQSnJRMmtKbXM
21,475 இருவிகனயின் 475 398,https://drive.google.com/open?id=0Bw1TGT80HnrbVTlFWTRvYmVSNEk
21,476 இருளுசமார்ைதிர் 476 399,https://drive.google.com/open?id=0Bw1TGT80Hnrbb0JuYkZPeHF2Zm8
21,477 எலுப்புத்சதால் 477 400,https://drive.google.com/open?id=0Bw1TGT80HnrbX3NrdndJUUpWNk0
21,478 எழுைைல் 478 401,https://drive.google.com/open?id=0Bw1TGT80Hnrbcmo3ZjNIZ1pvUzA
21,479 ைட்டிமுண்ைைை 479 402,https://drive.google.com/open?id=0Bw1TGT80HnrbSUlwNnFlS0l2WWs
21,480 ைனைசகப 480 403,https://drive.google.com/open?id=0Bw1TGT80HnrbcFNaMVFDTkdpQlk
21,481 ைாயமாய 481 404,https://drive.google.com/open?id=0Bw1TGT80HnrbZWtjM0JJV1pBVVk
21,482 ைாவியுடுத்து 482 405,https://drive.google.com/open?id=0Bw1TGT80HnrbMXJDOTZ2c3RqRkU
21,483 குைசனகுருபைசன 483 406,https://drive.google.com/open?id=0Bw1TGT80HnrbSTFkU0Y5WXJ6RUU
22,484 கைத்தருண 484 407,https://drive.google.com/open?id=0Bw1TGT80Hnrbay1TaDNNY21STFE
22,485 சுைைகனய 485 408,https://drive.google.com/open?id=0Bw1TGT80HnrbOXdyRVcwQ25YWHc
22,486 தருைணன் 486 409,https://drive.google.com/open?id=0Bw1TGT80HnrbcTdLcDIwR0tHdGs
22,487 நஞ்சிகன 487 410,https://drive.google.com/open?id=0Bw1TGT80HnrbNnVWdTB0azJ4NEU
22,488 நாைாபிறப்பு 488 411,https://drive.google.com/open?id=0Bw1TGT80HnrbR0Z0S2xJWTRNV3M
22,489 பைமகுருநாத 489 412,https://drive.google.com/open?id=0Bw1TGT80HnrbRlYwQWg1RXFPeTQ
22,490 மனசமஉனக்கு 490 413,https://drive.google.com/open?id=0Bw1TGT80HnrbSGg1SVM5cmNKSzA
22,491 வந்துவந்து 491 414,https://drive.google.com/open?id=0Bw1TGT80HnrbdWdta3FYd20ycVE
22,492 வாதபித்த 492 398,https://drive.google.com/open?id=0Bw1TGT80HnrbOXppdXJ0ckJtQ00
22,493 விடுங்கை 493 416,https://drive.google.com/open?id=0Bw1TGT80HnrbdWVCOE8wVjNTY2s
22,494 அைைமுமாகி 494 417,https://drive.google.com/open?id=0Bw1TGT80HnrbSkJ4SndibW4yNE0
22,495 ஆகசநாலு 495 418,https://drive.google.com/open?id=0Bw1TGT80HnrbNlNBUTRfVEUwX1k
22,496 ைருவாகிய 496 419,https://drive.google.com/open?id=0Bw1TGT80HnrbTDlwMGdaUE5GV00
22,497 ைாைணமதாை 497 420,https://drive.google.com/open?id=0Bw1TGT80HnrbUUN6cmphX1Nnc1U
22,498 சீலமுளதாயர் 498 421,https://drive.google.com/open?id=0Bw1TGT80HnrbeVhBdWo2NWI1QzA
22,499 தகலமயிர்பைாக்கு 499 422,https://drive.google.com/open?id=0Bw1TGT80HnrbVVE5eFJpWTlnMFk
22,500 துடிைசணாய்ைள் 500 423,https://drive.google.com/open?id=0Bw1TGT80HnrbQ0NYazlicXZtRXc
22,501 வாதிகன 501 424,https://drive.google.com/open?id=0Bw1TGT80HnrbTG80UHp3dFRpXzg
22,502 முறுகுைாள 502 502,https://drive.google.com/open?id=0Bw1TGT80HnrbeFlRRFFWR2xTdVE
22,503 முத்துநவைத்ன 503 503,https://drive.google.com/open?id=1hz49Jp84KAh2Pk4cPUU-MX9rHzDrw6Dl
